code,label
01,"Agriculture, forestry & fishing"
02,Mining & quarrying
03,Manufacturing
04,"Power, steam, water & environmental utilities"
05,Construction
06,Trade & motor-vehicle services
07,"Transport, storage & delivery"
08,Lodging & food services
09,Information & communications
10,Finance & insurance
11,Real-estate & dwelling services
12,"Professional, technical, administrative & support services"
13,Government administration & defense
14,Education
15,Health & social services
16,"Arts, recreation & other services"
