sector,01,02,03,04,05,06,07,08,09,10,11,12,13,14,15,16
01,996184.050494849,976.828627049662,1335493.45053923,2112.53959746887,3120.12385235364,13906.4137852189,790.371315816204,8004.61086024075,567.31641229692,831.652394215298,994.414288311885,2668.34836023809,2408.74451645687,887.222541755285,769.131541739862,841.317562962392
02,43.9940450660239,24092.7988333758,386766.207196651,25400.9381448687,30205.1346525408,554.713847267043,60.3325910855991,121.388353363889,44.7626722981712,87.4735994095306,619.767671204562,110.111208618299,75.5740946192102,40.989784344038,17.2095718961636,28.8588373152292
03,562317.181391498,32889.5055804163,3536384.55539444,169840.362827035,1185357.66055287,159824.369426738,421376.245116109,232131.569601793,128836.395220612,94652.7639718727,43047.186611934,127914.366889813,25993.7816475639,38145.2212608687,32035.3557232911,53452.7830960912
04,23680.1245008649,4258.12109226127,251159.627823218,38201.8991472484,41069.5849575823,68364.5464742736,29101.7563249418,14559.0344080315,23427.4833218436,46150.931331095,21759.3769627833,46542.6242588411,7503.29976746518,7286.17450221071,7097.34141610998,7416.89753929739
05,224.7272828615,173.81538798295,4996.51283469508,276.623571249768,1232.24543541644,5856.0682274107,2040.77323487478,1134.67855183065,4263.53565506238,2782.80802435334,316.998339135028,14455.7549298329,206.924634339812,130.976788899572,912.089191659104,338.63275475275
06,36797.3558384009,5431.78980740602,1083840.33162404,36567.3667392656,176115.723899327,629355.365345901,50782.2081761385,180339.367315179,40468.4898934516,79355.150293334,45911.6251053377,104995.593143458,43593.4829173751,24589.9698174002,22665.7621980221,40428.2411636127
07,17531.4092285384,3349.30454395831,195974.673495256,2724.24746478555,18679.5255767925,118620.515649148,273817.951209346,9177.58096860917,33246.4387983106,5642.141361712,14363.3038873142,25390.4778654111,22661.605053086,4451.96092607146,1068.94916580344,887.932154598574
08,190.548559384295,31.6882451519452,4123.19225252073,170.525831571405,657.507703574039,2161.22177472801,1554.14006783109,129651.146459921,863.733122568552,3906.23702851413,233.750684798051,2384.90863143216,14131.6237213864,141.226085283893,454.224649948026,2015.03857679833
09,10089.9896440092,1033.76308366178,87400.5708512081,6409.94871233548,16821.8485212207,33324.5505942327,16030.9224182752,8767.87987513879,52028.2060501628,35141.4421327932,22237.9080626903,23949.5447632611,37082.7953778253,4070.39471030793,4276.69932878695,4302.91826130816
10,29965.6972786291,3375.07536070592,280657.780433469,31702.7595827812,87687.1326762171,108470.322714029,54041.7899662596,10616.8811828895,39079.3242101572,544109.01877718,63852.7547408564,74920.8210714502,117868.746349685,14279.8120868295,15635.8133166089,10995.1100472544
11,9387.56262333593,4251.76119112013,131850.020381716,7026.40247098463,2414.36569273862,212606.613674288,36242.2045118931,23664.4564037997,82034.1632457481,148991.194868051,63319.5053283951,109936.005024771,9056.52998612013,20009.952003068,16409.3165115197,16860.7685907463
12,7671.72565524723,1198.499581919,93942.0013919296,13290.5952343095,54723.0881187225,41335.3063265181,131563.297416994,41427.6691806913,122915.760952924,265714.156728435,54806.726314063,280494.5109469,10593.2168298367,5684.39409129914,28859.0946976384,10795.4190670384
13,130.343078166818,59.1720794596129,1833.37080576943,285.675697378971,32.8274165087924,2959.76632941475,504.282175204429,329.326266300625,1142.0654157616,2074.23242871999,881.489805540852,1530.18135085417,200553.445048714,278.575775142629,228.406321051613,224.837527047317
14,2778.31525075694,542.775806884799,37061.9383694674,5019.46801057761,11282.7868657682,15112.7099707562,18494.3672013463,2317.13348133743,3727.73966186072,9138.76677356574,6348.41379946028,26823.7356623793,3771.40818194557,1655.90386952194,7689.05161262156,2710.27942883002
15,325.828349718974,51.4749438294498,6916.8565110363,369.233986241517,1775.27247268218,5928.01460131926,1031.39559717705,1608.55130798547,677.432759608068,1698.71514171827,645.515512436884,1645.53088976053,761.928064998819,537.723681702692,11949.5002685471,386.884793437273
16,1046.29529265577,130.183600102143,11809.0999780766,825.779647670854,3297.72495411742,11905.5634443109,2030.97565024038,7229.99943949226,1917.54888091249,5140.14872513272,1583.2330590045,5884.10874130305,1109.27182427499,3763.94116565935,1794.71235863675,30230.9835817066
