source,source_value,row_count,row_share,scheme,version,mapping_kind,codes,match_type,confidence,notes,source_field
osm,shop=convenience,960,0.03380995985067268,psic,rev5,,,exact,,,category
overture,restaurant,625,0.022011692611115026,psic,rev5,,,exact,,,category
overture,real_estate_service,387,0.013629640064802422,psic,rev5,,,exact,,,category
overture,christian_place_of_worship,344,0.012115235613157709,psic,rev5,,,exact,,,category
overture,government_office,337,0.01186870465591322,psic,rev5,,,exact,,,category
osm,amenity=school,334,0.011763048531379869,psic,rev5,,,exact,,,category
osm,amenity=restaurant,331,0.011657392406846517,psic,rev5,,,exact,,,category
overture,hotel,327,0.01151651757413538,psic,rev5,,,exact,,,category
overture,coffee_shop,312,0.01098823695146862,psic,rev5,,,exact,,,category
overture,lodging,303,0.010671268577868563,psic,rev5,,,exact,,,category
osm,office=government,295,0.01038951891244629,psic,rev5,,,exact,,,category
osm,amenity=fast_food,286,0.010072550538846235,psic,rev5,,,exact,,,category
overture,professional_service,269,0.009473832499823906,psic,rev5,,,exact,,,category
overture,historic_site,262,0.009227301542579417,psic,rev5,,,exact,,,category
overture,cafe,230,0.00810030288089033,psic,rev5,,,exact,,,category
overture,school,230,0.00810030288089033,psic,rev5,,,exact,,,category
overture,elementary_school,203,0.00714939776009016,psic,rev5,,,exact,,,category
osm,public_transport=platform,199,0.007008522927379024,psic,rev5,,,exact,,,category
overture,pharmacy,190,0.006691554553778968,psic,rev5,,,exact,,,category
overture,dental_clinic,186,0.0065506797210678315,psic,rev5,,,exact,,,category
overture,beauty_salon,181,0.006374586180178911,psic,rev5,,,exact,,,category
overture,auto_dealer,181,0.006374586180178911,psic,rev5,,,exact,,,category
overture,party_and_event_planning,176,0.006198492639289991,psic,rev5,,,exact,,,category
osm,amenity=cafe,174,0.006128055222934423,psic,rev5,,,exact,,,category
overture,fast_food_restaurant,172,0.0060576178065788544,psic,rev5,,,exact,,,category
overture,religious_organization,167,0.005881524265689934,psic,rev5,,,exact,,,category
overture,bakery,161,0.0056702120166232306,psic,rev5,,,exact,,,category
overture,convenience_store,148,0.005212368810312038,psic,rev5,,,exact,,,category
overture,grocery_store,148,0.005212368810312038,psic,rev5,,,exact,,,category
osm,amenity=place_of_worship,147,0.0051771501021342535,psic,rev5,,,exact,,,category
overture,spa,147,0.0051771501021342535,psic,rev5,,,exact,,,category
osm,amenity=bank,146,0.00514193139395647,psic,rev5,,,exact,,,category
overture,shopping,145,0.005106712685778686,psic,rev5,,,exact,,,category
overture,community_and_government,144,0.005071493977600902,psic,rev5,,,exact,,,category
overture,college_university,143,0.005036275269423117,psic,rev5,,,exact,,,category
osm,amenity=fuel,138,0.004860181728534197,psic,rev5,,,exact,,,category
overture,laundromat,132,0.004648869479467493,psic,rev5,,,exact,,,category
overture,hardware_store,131,0.004613650771289709,psic,rev5,,,exact,,,category
overture,education,126,0.004437557230400789,psic,rev5,,,exact,,,category
overture,clothing_store,124,0.004367119814045221,psic,rev5,,,exact,,,category
overture,hospital,122,0.0042966823976896525,psic,rev5,,,exact,,,category
overture,bank_or_credit_union,121,0.004261463689511869,psic,rev5,,,exact,,,category
overture,bar,118,0.004155807564978516,psic,rev5,,,exact,,,category
overture,gas_station,116,0.004085370148622949,psic,rev5,,,exact,,,category
overture,automotive_repair,115,0.004050151440445165,psic,rev5,,,exact,,,category
osm,amenity=townhall,111,0.003909276607734029,psic,rev5,,,exact,,,category
overture,printing_service,110,0.0038740578995562444,psic,rev5,,,exact,,,category
overture,social_or_community_service,106,0.003733183066845108,psic,rev5,,,exact,,,category
osm,shop=bakery,101,0.0035570895259561877,psic,rev5,,,exact,,,category
overture,travel_service,99,0.00348665210960062,psic,rev5,,,exact,,,category
overture,health_care,97,0.003416214693245052,psic,rev5,,,exact,,,category
overture,filipino_restaurant,95,0.003345777276889484,psic,rev5,,,exact,,,category
overture,gym,93,0.0032753398605339158,psic,rev5,,,exact,,,category
osm,tourism=hotel,90,0.0031696837360005634,psic,rev5,,,exact,,,category
overture,seafood_restaurant,85,0.0029935901951116434,psic,rev5,,,exact,,,category
overture,roman_catholic_place_of_worship,79,0.002782277946044939,psic,rev5,,,exact,,,category
overture,building_or_construction_service,78,0.002747059237867155,psic,rev5,,,exact,,,category
osm,man_made=bridge,76,0.0026766218215115867,psic,rev5,,,exact,,,category
osm,shop=supermarket,75,0.002641403113333803,psic,rev5,,,exact,,,category
osm,shop=bicycle,73,0.002570965696978235,psic,rev5,,,exact,,,category
overture,auto_parts_store,73,0.002570965696978235,psic,rev5,,,exact,,,category
osm,leisure=sports_hall,71,0.0025005282806226667,psic,rev5,,,exact,,,category
overture,food_and_drink,71,0.0025005282806226667,psic,rev5,,,exact,,,category
overture,barbecue_restaurant,71,0.0025005282806226667,psic,rev5,,,exact,,,category
overture,shopping_mall,71,0.0025005282806226667,psic,rev5,,,exact,,,category
overture,barber,67,0.0023596534479115305,psic,rev5,,,exact,,,category
overture,park,67,0.0023596534479115305,psic,rev5,,,exact,,,category
overture,motorcycle_repair,65,0.0022892160315559624,psic,rev5,,,exact,,,category
osm,office=company,63,0.0022187786152003943,psic,rev5,,,exact,,,category
overture,farm,62,0.0021835599070226105,psic,rev5,,,exact,,,category
overture,beach,60,0.0021131224906670424,psic,rev5,,,exact,,,category
overture,high_school,58,0.0020426850743114743,psic,rev5,,,exact,,,category
overture,furniture_store,57,0.00200746636613369,psic,rev5,,,exact,,,category
osm,amenity=pharmacy,55,0.0019370289497781222,psic,rev5,,,exact,,,category
overture,pizza_restaurant,55,0.0019370289497781222,psic,rev5,,,exact,,,category
osm,shop=car,54,0.0019018102416003381,psic,rev5,,,exact,,,category
overture,flowers_and_gifts_store,54,0.0019018102416003381,psic,rev5,,,exact,,,category
osm,shop=car_repair,52,0.00183137282524477,psic,rev5,,,exact,,,category
overture,bubble_tea_shop,52,0.00183137282524477,psic,rev5,,,exact,,,category
overture,warehouse_club_store,52,0.00183137282524477,psic,rev5,,,exact,,,category
osm,leisure=park,51,0.001796154117066986,psic,rev5,,,exact,,,category
osm,shop=pawnbroker,51,0.001796154117066986,psic,rev5,,,exact,,,category
overture,mobile_phone_store,51,0.001796154117066986,psic,rev5,,,exact,,,category
osm,shop=hardware,50,0.001760935408889202,psic,rev5,,,exact,,,category
osm,amenity=pharmacy | healthcare=pharmacy,49,0.001725716700711418,psic,rev5,,,exact,,,category
overture,home_developer,49,0.001725716700711418,psic,rev5,,,exact,,,category
overture,motorcycle_dealer,49,0.001725716700711418,psic,rev5,,,exact,,,category
overture,resort,48,0.0016904979925336338,psic,rev5,,,exact,,,category
overture,financial_service,48,0.0016904979925336338,psic,rev5,,,exact,,,category
overture,bike_store,48,0.0016904979925336338,psic,rev5,,,exact,,,category
overture,car_wash,46,0.0016200605761780658,psic,rev5,,,exact,,,category
overture,laboratory_testing,45,0.0015848418680002817,psic,rev5,,,exact,,,category
overture,bank,44,0.0015496231598224977,psic,rev5,,,exact,,,category
overture,insurance_agency,44,0.0015496231598224977,psic,rev5,,,exact,,,category
overture,real_estate_agent,43,0.0015144044516447136,psic,rev5,,,exact,,,category
overture,community_center,42,0.0014791857434669296,psic,rev5,,,exact,,,category
overture,asian_restaurant,42,0.0014791857434669296,psic,rev5,,,exact,,,category
overture,tattoo_and_piercing,42,0.0014791857434669296,psic,rev5,,,exact,,,category
overture,money_transfer_service,41,0.0014439670352891455,psic,rev5,,,exact,,,category
osm,shop=clothes,40,0.0014087483271113615,psic,rev5,,,exact,,,category
overture,arts_and_entertainment,40,0.0014087483271113615,psic,rev5,,,exact,,,category
overture,bottled_water_company,40,0.0014087483271113615,psic,rev5,,,exact,,,category
overture,baptist_place_of_worship,40,0.0014087483271113615,psic,rev5,,,exact,,,category
overture,electronics_store,39,0.0013735296189335774,psic,rev5,,,exact,,,category
osm,office=government | emergency=disaster_response,38,0.0013383109107557934,psic,rev5,,,exact,,,category
overture,korean_restaurant,38,0.0013383109107557934,psic,rev5,,,exact,,,category
overture,donut_shop,37,0.0013030922025780095,psic,rev5,,,exact,,,category
overture,doctors_office,37,0.0013030922025780095,psic,rev5,,,exact,,,category
overture,funeral_service,37,0.0013030922025780095,psic,rev5,,,exact,,,category
overture,freight_and_cargo_service,37,0.0013030922025780095,psic,rev5,,,exact,,,category
overture,attorney_or_law_firm,37,0.0013030922025780095,psic,rev5,,,exact,,,category
overture,japanese_restaurant,36,0.0012678734944002255,psic,rev5,,,exact,,,category
overture,car_rental_service,36,0.0012678734944002255,psic,rev5,,,exact,,,category
osm,tourism=artwork,35,0.0012326547862224414,psic,rev5,,,exact,,,category
overture,travel_and_transportation,35,0.0012326547862224414,psic,rev5,,,exact,,,category
overture,food_truck_stand,35,0.0012326547862224414,psic,rev5,,,exact,,,category
overture,beauty_supply_store,35,0.0012326547862224414,psic,rev5,,,exact,,,category
osm,shop=mall,34,0.0011974360780446574,psic,rev5,,,exact,,,category
overture,smoke_and_vape_store,34,0.0011974360780446574,psic,rev5,,,exact,,,category
osm,tourism=guest_house,33,0.0011622173698668734,psic,rev5,,,exact,,,category
osm,amenity=health_post | healthcare=health_aide | emergency=no,33,0.0011622173698668734,psic,rev5,,,exact,,,category
osm,shop=motorcycle,33,0.0011622173698668734,psic,rev5,,,exact,,,category
overture,music_venue,33,0.0011622173698668734,psic,rev5,,,exact,,,category
overture,manufacturer,32,0.0011269986616890893,psic,rev5,,,exact,,,category
overture,building_supply_store,32,0.0011269986616890893,psic,rev5,,,exact,,,category
overture,employment_agency,32,0.0011269986616890893,psic,rev5,,,exact,,,category
overture,campus_building,32,0.0011269986616890893,psic,rev5,,,exact,,,category
osm,shop=electronics,31,0.0010917799535113053,psic,rev5,,,exact,,,category
osm,amenity=college,31,0.0010917799535113053,psic,rev5,,,exact,,,category
overture,bar_and_grill_restaurant,31,0.0010917799535113053,psic,rev5,,,exact,,,category
overture,burger_restaurant,31,0.0010917799535113053,psic,rev5,,,exact,,,category
overture,computer_store,31,0.0010917799535113053,psic,rev5,,,exact,,,category
overture,automotive_service,31,0.0010917799535113053,psic,rev5,,,exact,,,category
osm,amenity=parking,30,0.0010565612453335212,psic,rev5,,,exact,,,category
overture,town_hall,30,0.0010565612453335212,psic,rev5,,,exact,,,category
osm,leisure=pitch,29,0.0010213425371557372,psic,rev5,,,exact,,,category
overture,pet_store,29,0.0010213425371557372,psic,rev5,,,exact,,,category
overture,ice_cream_shop,29,0.0010213425371557372,psic,rev5,,,exact,,,category
overture,tea_room,29,0.0010213425371557372,psic,rev5,,,exact,,,category
osm,amenity=bar,28,0.0009861238289779531,psic,rev5,,,exact,,,category
overture,chicken_restaurant,28,0.0009861238289779531,psic,rev5,,,exact,,,category
overture,b2b_advertising_and_marketing_service,28,0.0009861238289779531,psic,rev5,,,exact,,,category
overture,holiday_rental_home,28,0.0009861238289779531,psic,rev5,,,exact,,,category
overture,food_delivery_service,27,0.0009509051208001691,psic,rev5,,,exact,,,category
overture,veterinarian,27,0.0009509051208001691,psic,rev5,,,exact,,,category
overture,tutoring_service,27,0.0009509051208001691,psic,rev5,,,exact,,,category
osm,amenity=marketplace,26,0.000915686412622385,psic,rev5,,,exact,,,category
osm,tourism=hostel,26,0.000915686412622385,psic,rev5,,,exact,,,category
osm,shop=car_parts,26,0.000915686412622385,psic,rev5,,,exact,,,category
osm,tourism=chalet,26,0.000915686412622385,psic,rev5,,,exact,,,category
overture,police_station,26,0.000915686412622385,psic,rev5,,,exact,,,category
overture,internet_cafe,26,0.000915686412622385,psic,rev5,,,exact,,,category
overture,auto_detailing,26,0.000915686412622385,psic,rev5,,,exact,,,category
overture,home_improvement_store,26,0.000915686412622385,psic,rev5,,,exact,,,category
osm,shop=water,25,0.000880467704444601,psic,rev5,,,exact,,,category
overture,fueling_station,25,0.000880467704444601,psic,rev5,,,exact,,,category
overture,food_beverage_distributor,25,0.000880467704444601,psic,rev5,,,exact,,,category
osm,amenity=police,24,0.0008452489962668169,psic,rev5,,,exact,,,category
overture,shoe_store,24,0.0008452489962668169,psic,rev5,,,exact,,,category
overture,family_practice,24,0.0008452489962668169,psic,rev5,,,exact,,,category
osm,shop=beauty,23,0.0008100302880890329,psic,rev5,,,exact,,,category
overture,hvac_service,23,0.0008100302880890329,psic,rev5,,,exact,,,category
overture,jewelry_store,23,0.0008100302880890329,psic,rev5,,,exact,,,category
osm,amenity=fire_station,22,0.0007748115799112488,psic,rev5,,,exact,,,category
osm,leisure=resort,22,0.0007748115799112488,psic,rev5,,,exact,,,category
osm,office=it,22,0.0007748115799112488,psic,rev5,,,exact,,,category
overture,sports_and_recreation,22,0.0007748115799112488,psic,rev5,,,exact,,,category
overture,preschool,22,0.0007748115799112488,psic,rev5,,,exact,,,category
overture,installment_loans,22,0.0007748115799112488,psic,rev5,,,exact,,,category
overture,chinese_restaurant,22,0.0007748115799112488,psic,rev5,,,exact,,,category
overture,medical_supply_store,22,0.0007748115799112488,psic,rev5,,,exact,,,category
overture,b2b_water_treatment_service,22,0.0007748115799112488,psic,rev5,,,exact,,,category
overture,it_service_and_computer_repair,22,0.0007748115799112488,psic,rev5,,,exact,,,category
osm,leisure=beach_resort,21,0.0007395928717334648,psic,rev5,,,exact,,,category
osm,amenity=reception_desk,21,0.0007395928717334648,psic,rev5,,,exact,,,category
osm,shop=department_store,21,0.0007395928717334648,psic,rev5,,,exact,,,category
osm,man_made=mast,21,0.0007395928717334648,psic,rev5,,,exact,,,category
overture,tire_dealer_and_repair,21,0.0007395928717334648,psic,rev5,,,exact,,,category
overture,dessert_shop,21,0.0007395928717334648,psic,rev5,,,exact,,,category
osm,shop=laundry,20,0.0007043741635556807,psic,rev5,,,exact,,,category
osm,amenity=dentist | healthcare=dentist,20,0.0007043741635556807,psic,rev5,,,exact,,,category
overture,airport,20,0.0007043741635556807,psic,rev5,,,exact,,,category
overture,soup_restaurant,20,0.0007043741635556807,psic,rev5,,,exact,,,category
overture,diner,20,0.0007043741635556807,psic,rev5,,,exact,,,category
overture,corporate_or_business_office,20,0.0007043741635556807,psic,rev5,,,exact,,,category
overture,library,20,0.0007043741635556807,psic,rev5,,,exact,,,category
overture,eyewear_store,20,0.0007043741635556807,psic,rev5,,,exact,,,category
overture,advertising_agency,20,0.0007043741635556807,psic,rev5,,,exact,,,category
overture,contractor,20,0.0007043741635556807,psic,rev5,,,exact,,,category
overture,animal_or_pet_service,20,0.0007043741635556807,psic,rev5,,,exact,,,category
overture,industrial_equipment_manufacturer,20,0.0007043741635556807,psic,rev5,,,exact,,,category
osm,amenity=community_centre,19,0.0006691554553778967,psic,rev5,,,exact,,,category
osm,shop=doityourself,19,0.0006691554553778967,psic,rev5,,,exact,,,category
osm,leisure=sports_centre,19,0.0006691554553778967,psic,rev5,,,exact,,,category
osm,amenity=atm,19,0.0006691554553778967,psic,rev5,,,exact,,,category
overture,department_store,19,0.0006691554553778967,psic,rev5,,,exact,,,category
overture,outpatient_care_facility,19,0.0006691554553778967,psic,rev5,,,exact,,,category
overture,event_photography_service,19,0.0006691554553778967,psic,rev5,,,exact,,,category
overture,martial_arts_club,19,0.0006691554553778967,psic,rev5,,,exact,,,category
osm,shop=gift,18,0.0006339367472001127,psic,rev5,,,exact,,,category
osm,man_made=works,18,0.0006339367472001127,psic,rev5,,,exact,,,category
overture,agricultural_service,18,0.0006339367472001127,psic,rev5,,,exact,,,category
overture,bus_station,18,0.0006339367472001127,psic,rev5,,,exact,,,category
overture,italian_restaurant,18,0.0006339367472001127,psic,rev5,,,exact,,,category
overture,theme_restaurant,18,0.0006339367472001127,psic,rev5,,,exact,,,category
overture,massage_therapy,18,0.0006339367472001127,psic,rev5,,,exact,,,category
overture,shipping_center,18,0.0006339367472001127,psic,rev5,,,exact,,,category
osm,shop=massage,17,0.0005987180390223287,psic,rev5,,,exact,,,category
overture,lounge,17,0.0005987180390223287,psic,rev5,,,exact,,,category
overture,nursery_and_gardening_store,17,0.0005987180390223287,psic,rev5,,,exact,,,category
overture,bookstore,17,0.0005987180390223287,psic,rev5,,,exact,,,category
overture,hair_salon,17,0.0005987180390223287,psic,rev5,,,exact,,,category
overture,tour_operator,17,0.0005987180390223287,psic,rev5,,,exact,,,category
overture,private_school,17,0.0005987180390223287,psic,rev5,,,exact,,,category
overture,sport_league,17,0.0005987180390223287,psic,rev5,,,exact,,,category
osm,shop=trade,16,0.0005634993308445447,psic,rev5,,,exact,,,category
osm,tourism=museum,16,0.0005634993308445447,psic,rev5,,,exact,,,category
osm,shop=computer,16,0.0005634993308445447,psic,rev5,,,exact,,,category
osm,amenity=studio,16,0.0005634993308445447,psic,rev5,,,exact,,,category
overture,medical_service_organization,16,0.0005634993308445447,psic,rev5,,,exact,,,category
overture,agriculture,16,0.0005634993308445447,psic,rev5,,,exact,,,category
overture,public_school,16,0.0005634993308445447,psic,rev5,,,exact,,,category
overture,sportswear_store,16,0.0005634993308445447,psic,rev5,,,exact,,,category
overture,b2b_energy_and_utility_service,16,0.0005634993308445447,psic,rev5,,,exact,,,category
osm,shop=furniture,15,0.0005282806226667606,psic,rev5,,,exact,,,category
osm,shop=hairdresser,15,0.0005282806226667606,psic,rev5,,,exact,,,category
osm,shop=variety_store,15,0.0005282806226667606,psic,rev5,,,exact,,,category
osm,office=association,15,0.0005282806226667606,psic,rev5,,,exact,,,category
osm,shop=shoes,15,0.0005282806226667606,psic,rev5,,,exact,,,category
overture,nail_salon,15,0.0005282806226667606,psic,rev5,,,exact,,,category
overture,religious_school,15,0.0005282806226667606,psic,rev5,,,exact,,,category
overture,optometry,15,0.0005282806226667606,psic,rev5,,,exact,,,category
overture,appliance_store,15,0.0005282806226667606,psic,rev5,,,exact,,,category
overture,language_school,15,0.0005282806226667606,psic,rev5,,,exact,,,category
overture,caterer,15,0.0005282806226667606,psic,rev5,,,exact,,,category
overture,water_utility_provider,15,0.0005282806226667606,psic,rev5,,,exact,,,category
overture,legal_service,15,0.0005282806226667606,psic,rev5,,,exact,,,category
osm,amenity=clinic,14,0.0004930619144889766,psic,rev5,,,exact,,,category
osm,amenity=doctors,14,0.0004930619144889766,psic,rev5,,,exact,,,category
osm,tourism=information,14,0.0004930619144889766,psic,rev5,,,exact,,,category
osm,shop=tyres,14,0.0004930619144889766,psic,rev5,,,exact,,,category
osm,shop=ticket,14,0.0004930619144889766,psic,rev5,,,exact,,,category
osm,amenity=shelter,14,0.0004930619144889766,psic,rev5,,,exact,,,category
overture,basketball_court,14,0.0004930619144889766,psic,rev5,,,exact,,,category
overture,fashion_and_apparel_store,14,0.0004930619144889766,psic,rev5,,,exact,,,category
overture,home_cleaning,14,0.0004930619144889766,psic,rev5,,,exact,,,category
overture,breakfast_and_brunch_restaurant,14,0.0004930619144889766,psic,rev5,,,exact,,,category
overture,arts_crafts_and_hobby_store,14,0.0004930619144889766,psic,rev5,,,exact,,,category
overture,party_supply_store,14,0.0004930619144889766,psic,rev5,,,exact,,,category
overture,engineering_service,14,0.0004930619144889766,psic,rev5,,,exact,,,category
overture,skin_care_and_makeup,14,0.0004930619144889766,psic,rev5,,,exact,,,category
overture,bridal_shop,14,0.0004930619144889766,psic,rev5,,,exact,,,category
overture,mountain,14,0.0004930619144889766,psic,rev5,,,exact,,,category
overture,stadium_arena,13,0.0004578432063111925,psic,rev5,,,exact,,,category
overture,general_dentistry,13,0.0004578432063111925,psic,rev5,,,exact,,,category
overture,t_shirt_printing_service,13,0.0004578432063111925,psic,rev5,,,exact,,,category
overture,food_and_beverage_store,13,0.0004578432063111925,psic,rev5,,,exact,,,category
overture,glass_and_mirror_sales_service,13,0.0004578432063111925,psic,rev5,,,exact,,,category
osm,amenity=university,12,0.00042262449813340846,psic,rev5,,,exact,,,category
osm,leisure=fitness_centre,12,0.00042262449813340846,psic,rev5,,,exact,,,category
osm,amenity=car_wash,12,0.00042262449813340846,psic,rev5,,,exact,,,category
osm,amenity=childcare,12,0.00042262449813340846,psic,rev5,,,exact,,,category
osm,tourism=apartment,12,0.00042262449813340846,psic,rev5,,,exact,,,category
overture,sport_or_fitness_facility,12,0.00042262449813340846,psic,rev5,,,exact,,,category
overture,pawn_shop,12,0.00042262449813340846,psic,rev5,,,exact,,,category
overture,property_management,12,0.00042262449813340846,psic,rev5,,,exact,,,category
overture,driving_school,12,0.00042262449813340846,psic,rev5,,,exact,,,category
overture,broadcasting_media_production,12,0.00042262449813340846,psic,rev5,,,exact,,,category
overture,home_goods_store,12,0.00042262449813340846,psic,rev5,,,exact,,,category
overture,internet_service_provider,12,0.00042262449813340846,psic,rev5,,,exact,,,category
overture,rental_service,12,0.00042262449813340846,psic,rev5,,,exact,,,category
osm,shop=sports,11,0.0003874057899556244,psic,rev5,,,exact,,,category
osm,leisure=garden,11,0.0003874057899556244,psic,rev5,,,exact,,,category
osm,shop=pet,11,0.0003874057899556244,psic,rev5,,,exact,,,category
osm,man_made=tower,11,0.0003874057899556244,psic,rev5,,,exact,,,category
overture,museum,11,0.0003874057899556244,psic,rev5,,,exact,,,category
overture,pediatric_clinic,11,0.0003874057899556244,psic,rev5,,,exact,,,category
overture,day_care_preschool,11,0.0003874057899556244,psic,rev5,,,exact,,,category
overture,bridge,11,0.0003874057899556244,psic,rev5,,,exact,,,category
overture,pharmaceutical_company,11,0.0003874057899556244,psic,rev5,,,exact,,,category
overture,physical_therapy,11,0.0003874057899556244,psic,rev5,,,exact,,,category
overture,fashion_accessories_store,11,0.0003874057899556244,psic,rev5,,,exact,,,category
overture,telecommunications_company,11,0.0003874057899556244,psic,rev5,,,exact,,,category
overture,hostel,11,0.0003874057899556244,psic,rev5,,,exact,,,category
overture,cupcake_shop,11,0.0003874057899556244,psic,rev5,,,exact,,,category
overture,art_gallery,11,0.0003874057899556244,psic,rev5,,,exact,,,category
overture,dance_studio,11,0.0003874057899556244,psic,rev5,,,exact,,,category
overture,obstetrics_and_gynecology,11,0.0003874057899556244,psic,rev5,,,exact,,,category
overture,accountant,11,0.0003874057899556244,psic,rev5,,,exact,,,category
overture,beach_resort,11,0.0003874057899556244,psic,rev5,,,exact,,,category
overture,metal_fabricator,11,0.0003874057899556244,psic,rev5,,,exact,,,category
overture,pest_control_service,11,0.0003874057899556244,psic,rev5,,,exact,,,category
osm,shop=books,10,0.00035218708177784037,psic,rev5,,,exact,,,category
osm,amenity=library,10,0.00035218708177784037,psic,rev5,,,exact,,,category
osm,amenity=internet_cafe,10,0.00035218708177784037,psic,rev5,,,exact,,,category
osm,shop=kiosk,10,0.00035218708177784037,psic,rev5,,,exact,,,category
overture,swimming_pool,10,0.00035218708177784037,psic,rev5,,,exact,,,category
overture,inn,10,0.00035218708177784037,psic,rev5,,,exact,,,category
overture,public_plaza,10,0.00035218708177784037,psic,rev5,,,exact,,,category
overture,sporting_goods_store,10,0.00035218708177784037,psic,rev5,,,exact,,,category
overture,educational_service,10,0.00035218708177784037,psic,rev5,,,exact,,,category
overture,dialysis_clinic,10,0.00035218708177784037,psic,rev5,,,exact,,,category
overture,vision_or_eye_care_clinic,10,0.00035218708177784037,psic,rev5,,,exact,,,category
overture,produce_store,10,0.00035218708177784037,psic,rev5,,,exact,,,category
overture,pet_groomer,10,0.00035218708177784037,psic,rev5,,,exact,,,category
overture,womens_clothing_store,10,0.00035218708177784037,psic,rev5,,,exact,,,category
osm,shop=chemist,9,0.0003169683736000564,psic,rev5,,,exact,,,category
osm,amenity=hospital | healthcare=hospital | emergency=yes,9,0.0003169683736000564,psic,rev5,,,exact,,,category
osm,healthcare=laboratory,9,0.0003169683736000564,psic,rev5,,,exact,,,category
osm,amenity=events_venue,9,0.0003169683736000564,psic,rev5,,,exact,,,category
osm,amenity=health_post | healthcare=community_health_worker,9,0.0003169683736000564,psic,rev5,,,exact,,,category
osm,office=educational_institution,9,0.0003169683736000564,psic,rev5,,,exact,,,category
overture,flea_market,9,0.0003169683736000564,psic,rev5,,,exact,,,category
overture,retirement_home,9,0.0003169683736000564,psic,rev5,,,exact,,,category
overture,bed_and_breakfast,9,0.0003169683736000564,psic,rev5,,,exact,,,category
overture,movie_theater,9,0.0003169683736000564,psic,rev5,,,exact,,,category
overture,financial_advising,9,0.0003169683736000564,psic,rev5,,,exact,,,category
overture,office_supply_store,9,0.0003169683736000564,psic,rev5,,,exact,,,category
overture,furniture_assembly,9,0.0003169683736000564,psic,rev5,,,exact,,,category
overture,fire_station,9,0.0003169683736000564,psic,rev5,,,exact,,,category
overture,music_production,9,0.0003169683736000564,psic,rev5,,,exact,,,category
overture,hunting_and_fishing_store,9,0.0003169683736000564,psic,rev5,,,exact,,,category
osm,amenity=cinema,8,0.0002817496654222723,psic,rev5,,,exact,,,category
osm,amenity=social_facility,8,0.0002817496654222723,psic,rev5,,,exact,,,category
osm,amenity=car_rental,8,0.0002817496654222723,psic,rev5,,,exact,,,category
osm,amenity=dentist,8,0.0002817496654222723,psic,rev5,,,exact,,,category
osm,tourism=motel,8,0.0002817496654222723,psic,rev5,,,exact,,,category
osm,amenity=hospital | healthcare=hospital,8,0.0002817496654222723,psic,rev5,,,exact,,,category
osm,office=employment_agency,8,0.0002817496654222723,psic,rev5,,,exact,,,category
osm,shop=appliance,8,0.0002817496654222723,psic,rev5,,,exact,,,category
osm,amenity=clinic | healthcare=clinic,8,0.0002817496654222723,psic,rev5,,,exact,,,category
osm,office=courier,8,0.0002817496654222723,psic,rev5,,,exact,,,category
overture,specialty_school,8,0.0002817496654222723,psic,rev5,,,exact,,,category
overture,buffet_restaurant,8,0.0002817496654222723,psic,rev5,,,exact,,,category
overture,karaoke_venue,8,0.0002817496654222723,psic,rev5,,,exact,,,category
overture,smoothie_juice_bar,8,0.0002817496654222723,psic,rev5,,,exact,,,category
overture,commercial_industrial,8,0.0002817496654222723,psic,rev5,,,exact,,,category
overture,land_surveying,8,0.0002817496654222723,psic,rev5,,,exact,,,category
overture,ferry_boat_company,8,0.0002817496654222723,psic,rev5,,,exact,,,category
overture,sewing_and_alterations,8,0.0002817496654222723,psic,rev5,,,exact,,,category
overture,lake,8,0.0002817496654222723,psic,rev5,,,exact,,,category
overture,restaurant_equipment_and_supply,8,0.0002817496654222723,psic,rev5,,,exact,,,category
overture,sign_making,8,0.0002817496654222723,psic,rev5,,,exact,,,category
overture,marketing_agency,8,0.0002817496654222723,psic,rev5,,,exact,,,category
osm,leisure=playground,7,0.0002465309572444883,psic,rev5,,,exact,,,category
osm,shop=optician,7,0.0002465309572444883,psic,rev5,,,exact,,,category
osm,leisure=amusement_arcade,7,0.0002465309572444883,psic,rev5,,,exact,,,category
osm,amenity=bus_station | public_transport=station,7,0.0002465309572444883,psic,rev5,,,exact,,,category
osm,industrial=port,7,0.0002465309572444883,psic,rev5,,,exact,,,category
osm,amenity=post_office,7,0.0002465309572444883,psic,rev5,,,exact,,,category
osm,amenity=ferry_terminal | public_transport=stop_position,7,0.0002465309572444883,psic,rev5,,,exact,,,category
overture,b2b_business_management_service,7,0.0002465309572444883,psic,rev5,,,exact,,,category
overture,health_food_store,7,0.0002465309572444883,psic,rev5,,,exact,,,category
overture,architectural_designer,7,0.0002465309572444883,psic,rev5,,,exact,,,category
overture,childrens_clothing_store,7,0.0002465309572444883,psic,rev5,,,exact,,,category
overture,arcade,7,0.0002465309572444883,psic,rev5,,,exact,,,category
overture,toy_store,7,0.0002465309572444883,psic,rev5,,,exact,,,category
overture,atm,7,0.0002465309572444883,psic,rev5,,,exact,,,category
overture,maternity_center,7,0.0002465309572444883,psic,rev5,,,exact,,,category
overture,musical_instrument_store,7,0.0002465309572444883,psic,rev5,,,exact,,,category
overture,home_service,7,0.0002465309572444883,psic,rev5,,,exact,,,category
overture,steakhouse,7,0.0002465309572444883,psic,rev5,,,exact,,,category
overture,thai_restaurant,7,0.0002465309572444883,psic,rev5,,,exact,,,category
overture,history_museum,7,0.0002465309572444883,psic,rev5,,,exact,,,category
overture,souvenir_store,7,0.0002465309572444883,psic,rev5,,,exact,,,category
overture,non_governmental_association,7,0.0002465309572444883,psic,rev5,,,exact,,,category
overture,travel_company,7,0.0002465309572444883,psic,rev5,,,exact,,,category
overture,roofing,7,0.0002465309572444883,psic,rev5,,,exact,,,category
overture,interior_design,7,0.0002465309572444883,psic,rev5,,,exact,,,category
overture,naturopathic_medicine,7,0.0002465309572444883,psic,rev5,,,exact,,,category
overture,wedding_planning,7,0.0002465309572444883,psic,rev5,,,exact,,,category
overture,home_security,7,0.0002465309572444883,psic,rev5,,,exact,,,category
overture,truck_dealer,7,0.0002465309572444883,psic,rev5,,,exact,,,category
osm,public_transport=station,6,0.00021131224906670423,psic,rev5,,,exact,,,category
osm,amenity=kindergarten,6,0.00021131224906670423,psic,rev5,,,exact,,,category
osm,office=yes,6,0.00021131224906670423,psic,rev5,,,exact,,,category
osm,shop=funeral_directors,6,0.00021131224906670423,psic,rev5,,,exact,,,category
osm,shop=mobile_phone,6,0.00021131224906670423,psic,rev5,,,exact,,,category
osm,office=insurance,6,0.00021131224906670423,psic,rev5,,,exact,,,category
osm,amenity=money_transfer,6,0.00021131224906670423,psic,rev5,,,exact,,,category
osm,office=telecommunication,6,0.00021131224906670423,psic,rev5,,,exact,,,category
osm,office=religion,6,0.00021131224906670423,psic,rev5,,,exact,,,category
osm,shop=money_lender,6,0.00021131224906670423,psic,rev5,,,exact,,,category
osm,shop=butcher,6,0.00021131224906670423,psic,rev5,,,exact,,,category
osm,shop=pastry,6,0.00021131224906670423,psic,rev5,,,exact,,,category
osm,office=research,6,0.00021131224906670423,psic,rev5,,,exact,,,category
osm,man_made=lighthouse,6,0.00021131224906670423,psic,rev5,,,exact,,,category
osm,office=estate_agent,6,0.00021131224906670423,psic,rev5,,,exact,,,category
osm,shop=gas,6,0.00021131224906670423,psic,rev5,,,exact,,,category
osm,shop=motorcycle_parts,6,0.00021131224906670423,psic,rev5,,,exact,,,category
overture,waffle_restaurant,6,0.00021131224906670423,psic,rev5,,,exact,,,category
overture,monument,6,0.00021131224906670423,psic,rev5,,,exact,,,category
overture,campground,6,0.00021131224906670423,psic,rev5,,,exact,,,category
overture,software_development,6,0.00021131224906670423,psic,rev5,,,exact,,,category
overture,auto_company,6,0.00021131224906670423,psic,rev5,,,exact,,,category
overture,pub,6,0.00021131224906670423,psic,rev5,,,exact,,,category
overture,fashion_boutique,6,0.00021131224906670423,psic,rev5,,,exact,,,category
overture,orthodontics,6,0.00021131224906670423,psic,rev5,,,exact,,,category
overture,credit_union,6,0.00021131224906670423,psic,rev5,,,exact,,,category
overture,fire_protection_service,6,0.00021131224906670423,psic,rev5,,,exact,,,category
overture,pool_billiards,6,0.00021131224906670423,psic,rev5,,,exact,,,category
overture,butcher_shop,6,0.00021131224906670423,psic,rev5,,,exact,,,category
overture,discount_store,6,0.00021131224906670423,psic,rev5,,,exact,,,category
overture,chemical_plant,6,0.00021131224906670423,psic,rev5,,,exact,,,category
overture,appraisal_service,6,0.00021131224906670423,psic,rev5,,,exact,,,category
overture,vitamin_and_supplement_store,6,0.00021131224906670423,psic,rev5,,,exact,,,category
overture,dermatology,6,0.00021131224906670423,psic,rev5,,,exact,,,category
overture,vocational_and_technical_school,6,0.00021131224906670423,psic,rev5,,,exact,,,category
overture,solar_installation,6,0.00021131224906670423,psic,rev5,,,exact,,,category
overture,windows_installation,6,0.00021131224906670423,psic,rev5,,,exact,,,category
overture,surgery,6,0.00021131224906670423,psic,rev5,,,exact,,,category
osm,tourism=attraction,5,0.00017609354088892018,psic,rev5,,,exact,,,category
osm,amenity=health_post | healthcare=community_health_worker | emergency=no,5,0.00017609354088892018,psic,rev5,,,exact,,,category
osm,amenity=bureau_de_change,5,0.00017609354088892018,psic,rev5,,,exact,,,category
osm,amenity=nightclub,5,0.00017609354088892018,psic,rev5,,,exact,,,category
osm,shop=travel_agency,5,0.00017609354088892018,psic,rev5,,,exact,,,category
osm,leisure=swimming_pool,5,0.00017609354088892018,psic,rev5,,,exact,,,category
osm,amenity=ice_cream,5,0.00017609354088892018,psic,rev5,,,exact,,,category
osm,industrial=depot,5,0.00017609354088892018,psic,rev5,,,exact,,,category
osm,man_made=quay,5,0.00017609354088892018,psic,rev5,,,exact,,,category
osm,shop=seafood,5,0.00017609354088892018,psic,rev5,,,exact,,,category
osm,shop=yes,5,0.00017609354088892018,psic,rev5,,,exact,,,category
osm,shop=beverages,5,0.00017609354088892018,psic,rev5,,,exact,,,category
osm,shop=copyshop,5,0.00017609354088892018,psic,rev5,,,exact,,,category
osm,tourism=viewpoint,5,0.00017609354088892018,psic,rev5,,,exact,,,category
osm,amenity=stage,5,0.00017609354088892018,psic,rev5,,,exact,,,category
overture,delicatessen,5,0.00017609354088892018,psic,rev5,,,exact,,,category
overture,playground,5,0.00017609354088892018,psic,rev5,,,exact,,,category
overture,internet_marketing_service,5,0.00017609354088892018,psic,rev5,,,exact,,,category
overture,hardware_home_and_garden_store,5,0.00017609354088892018,psic,rev5,,,exact,,,category
overture,courthouse,5,0.00017609354088892018,psic,rev5,,,exact,,,category
overture,granite_supplier,5,0.00017609354088892018,psic,rev5,,,exact,,,category
overture,art_museum,5,0.00017609354088892018,psic,rev5,,,exact,,,category
overture,mexican_restaurant,5,0.00017609354088892018,psic,rev5,,,exact,,,category
overture,dance_club,5,0.00017609354088892018,psic,rev5,,,exact,,,category
overture,auditorium,5,0.00017609354088892018,psic,rev5,,,exact,,,category
overture,metal_supplier,5,0.00017609354088892018,psic,rev5,,,exact,,,category
overture,audio_visual_equipment_store,5,0.00017609354088892018,psic,rev5,,,exact,,,category
overture,river,5,0.00017609354088892018,psic,rev5,,,exact,,,category
overture,hair_supply_store,5,0.00017609354088892018,psic,rev5,,,exact,,,category
overture,gardener,5,0.00017609354088892018,psic,rev5,,,exact,,,category
overture,machine_shop,5,0.00017609354088892018,psic,rev5,,,exact,,,category
overture,liquor_store,5,0.00017609354088892018,psic,rev5,,,exact,,,category
overture,fishmonger,5,0.00017609354088892018,psic,rev5,,,exact,,,category
overture,web_designer,5,0.00017609354088892018,psic,rev5,,,exact,,,category
overture,environmental_conservation_organization,5,0.00017609354088892018,psic,rev5,,,exact,,,category
overture,media_news_company,5,0.00017609354088892018,psic,rev5,,,exact,,,category
overture,energy_company,5,0.00017609354088892018,psic,rev5,,,exact,,,category
overture,appliance_repair_service,5,0.00017609354088892018,psic,rev5,,,exact,,,category
overture,septic_service,5,0.00017609354088892018,psic,rev5,,,exact,,,category
overture,shooting_range,5,0.00017609354088892018,psic,rev5,,,exact,,,category
overture,post_office,5,0.00017609354088892018,psic,rev5,,,exact,,,category
overture,publisher,5,0.00017609354088892018,psic,rev5,,,exact,,,category
overture,second_hand_store,5,0.00017609354088892018,psic,rev5,,,exact,,,category
osm,amenity=monastery,4,0.00014087483271113616,psic,rev5,,,exact,,,category
osm,shop=jewelry,4,0.00014087483271113616,psic,rev5,,,exact,,,category
osm,tourism=gallery,4,0.00014087483271113616,psic,rev5,,,exact,,,category
osm,amenity=food_court,4,0.00014087483271113616,psic,rev5,,,exact,,,category
osm,amenity=fountain,4,0.00014087483271113616,psic,rev5,,,exact,,,category
osm,shop=cosmetics,4,0.00014087483271113616,psic,rev5,,,exact,,,category
osm,amenity=townhall | office=government,4,0.00014087483271113616,psic,rev5,,,exact,,,category
osm,club=sport,4,0.00014087483271113616,psic,rev5,,,exact,,,category
osm,shop=e-cigarette,4,0.00014087483271113616,psic,rev5,,,exact,,,category
osm,shop=confectionery,4,0.00014087483271113616,psic,rev5,,,exact,,,category
osm,amenity=payment_centre,4,0.00014087483271113616,psic,rev5,,,exact,,,category
osm,shop=outdoor,4,0.00014087483271113616,psic,rev5,,,exact,,,category
osm,office=ngo,4,0.00014087483271113616,psic,rev5,,,exact,,,category
osm,amenity=health_post,4,0.00014087483271113616,psic,rev5,,,exact,,,category
osm,amenity=payment_terminal,4,0.00014087483271113616,psic,rev5,,,exact,,,category
osm,industrial=warehouse,4,0.00014087483271113616,psic,rev5,,,exact,,,category
overture,parking,4,0.00014087483271113616,psic,rev5,,,exact,,,category
overture,airport_lounge,4,0.00014087483271113616,psic,rev5,,,exact,,,category
overture,farmers_market,4,0.00014087483271113616,psic,rev5,,,exact,,,category
overture,storage_facility,4,0.00014087483271113616,psic,rev5,,,exact,,,category
overture,cocktail_bar,4,0.00014087483271113616,psic,rev5,,,exact,,,category
overture,commercial_real_estate,4,0.00014087483271113616,psic,rev5,,,exact,,,category
overture,ramen_restaurant,4,0.00014087483271113616,psic,rev5,,,exact,,,category
overture,badminton_court,4,0.00014087483271113616,psic,rev5,,,exact,,,category
overture,doner_kebab_restaurant,4,0.00014087483271113616,psic,rev5,,,exact,,,category
overture,music_and_dvd_store,4,0.00014087483271113616,psic,rev5,,,exact,,,category
overture,sushi_restaurant,4,0.00014087483271113616,psic,rev5,,,exact,,,category
overture,gastropub,4,0.00014087483271113616,psic,rev5,,,exact,,,category
overture,theatre_venue,4,0.00014087483271113616,psic,rev5,,,exact,,,category
overture,lodge,4,0.00014087483271113616,psic,rev5,,,exact,,,category
overture,fish_farm,4,0.00014087483271113616,psic,rev5,,,exact,,,category
overture,american_restaurant,4,0.00014087483271113616,psic,rev5,,,exact,,,category
overture,industrial_company,4,0.00014087483271113616,psic,rev5,,,exact,,,category
overture,fabric_store,4,0.00014087483271113616,psic,rev5,,,exact,,,category
overture,geographic_entities,4,0.00014087483271113616,psic,rev5,,,exact,,,category
overture,emissions_inspection,4,0.00014087483271113616,psic,rev5,,,exact,,,category
overture,electric_utility_provider,4,0.00014087483271113616,psic,rev5,,,exact,,,category
overture,nature_reserve,4,0.00014087483271113616,psic,rev5,,,exact,,,category
overture,urban_farm,4,0.00014087483271113616,psic,rev5,,,exact,,,category
overture,hobby_shop,4,0.00014087483271113616,psic,rev5,,,exact,,,category
overture,dry_cleaning,4,0.00014087483271113616,psic,rev5,,,exact,,,category
overture,commercial_refrigeration,4,0.00014087483271113616,psic,rev5,,,exact,,,category
overture,luggage_store,4,0.00014087483271113616,psic,rev5,,,exact,,,category
overture,aquatic_pet_store,4,0.00014087483271113616,psic,rev5,,,exact,,,category
overture,gun_and_ammo_store,4,0.00014087483271113616,psic,rev5,,,exact,,,category
overture,motorsports_store,4,0.00014087483271113616,psic,rev5,,,exact,,,category
overture,fitness_trainer,4,0.00014087483271113616,psic,rev5,,,exact,,,category
overture,service_apartment,4,0.00014087483271113616,psic,rev5,,,exact,,,category
overture,charity_organization,4,0.00014087483271113616,psic,rev5,,,exact,,,category
overture,political_organization,4,0.00014087483271113616,psic,rev5,,,exact,,,category
overture,agricultural_cooperative,4,0.00014087483271113616,psic,rev5,,,exact,,,category
overture,passport_and_visa_service,4,0.00014087483271113616,psic,rev5,,,exact,,,category
overture,youth_organization,4,0.00014087483271113616,psic,rev5,,,exact,,,category
overture,real_estate_investment,4,0.00014087483271113616,psic,rev5,,,exact,,,category
overture,train_station,4,0.00014087483271113616,psic,rev5,,,exact,,,category
osm,amenity=bus_station,3,0.00010565612453335212,psic,rev5,,,exact,,,category
osm,leisure=track,3,0.00010565612453335212,psic,rev5,,,exact,,,category
osm,amenity=conference_centre,3,0.00010565612453335212,psic,rev5,,,exact,,,category
osm,shop=watches,3,0.00010565612453335212,psic,rev5,,,exact,,,category
osm,office=property_management,3,0.00010565612453335212,psic,rev5,,,exact,,,category
osm,shop=wholesale,3,0.00010565612453335212,psic,rev5,,,exact,,,category
osm,leisure=water_park,3,0.00010565612453335212,psic,rev5,,,exact,,,category
osm,shop=toys,3,0.00010565612453335212,psic,rev5,,,exact,,,category
osm,healthcare=birthing_centre,3,0.00010565612453335212,psic,rev5,,,exact,,,category
osm,craft=photographer,3,0.00010565612453335212,psic,rev5,,,exact,,,category
osm,shop=boutique,3,0.00010565612453335212,psic,rev5,,,exact,,,category
osm,craft=electrician,3,0.00010565612453335212,psic,rev5,,,exact,,,category
osm,amenity=recycling,3,0.00010565612453335212,psic,rev5,,,exact,,,category
osm,amenity=courthouse,3,0.00010565612453335212,psic,rev5,,,exact,,,category
osm,tourism=yes,3,0.00010565612453335212,psic,rev5,,,exact,,,category
osm,amenity=animal_breeding,3,0.00010565612453335212,psic,rev5,,,exact,,,category
osm,amenity=boat_rental,3,0.00010565612453335212,psic,rev5,,,exact,,,category
osm,shop=tattoo,3,0.00010565612453335212,psic,rev5,,,exact,,,category
osm,emergency=ambulance_station,3,0.00010565612453335212,psic,rev5,,,exact,,,category
osm,office=advertising_agency,3,0.00010565612453335212,psic,rev5,,,exact,,,category
osm,office=logistics,3,0.00010565612453335212,psic,rev5,,,exact,,,category
osm,industrial=petroleum_terminal,3,0.00010565612453335212,psic,rev5,,,exact,,,category
osm,office=water_utility,3,0.00010565612453335212,psic,rev5,,,exact,,,category
osm,shop=rice,3,0.00010565612453335212,psic,rev5,,,exact,,,category
osm,amenity=theatre,3,0.00010565612453335212,psic,rev5,,,exact,,,category
osm,amenity=doctors | healthcare=doctor,3,0.00010565612453335212,psic,rev5,,,exact,,,category
osm,shop=greengrocer,3,0.00010565612453335212,psic,rev5,,,exact,,,category
osm,amenity=gambling,3,0.00010565612453335212,psic,rev5,,,exact,,,category
osm,amenity=community_centre | leisure=sports_hall,3,0.00010565612453335212,psic,rev5,,,exact,,,category
osm,amenity=place_of_mourning,3,0.00010565612453335212,psic,rev5,,,exact,,,category
osm,leisure=stadium,3,0.00010565612453335212,psic,rev5,,,exact,,,category
overture,tobacco_shop,3,0.00010565612453335212,psic,rev5,,,exact,,,category
overture,poultry_farm,3,0.00010565612453335212,psic,rev5,,,exact,,,category
overture,cosmetics_and_fragrance_store,3,0.00010565612453335212,psic,rev5,,,exact,,,category
overture,lighting_store,3,0.00010565612453335212,psic,rev5,,,exact,,,category
overture,amusement_park,3,0.00010565612453335212,psic,rev5,,,exact,,,category
overture,mens_clothing_store,3,0.00010565612453335212,psic,rev5,,,exact,,,category
overture,water_park,3,0.00010565612453335212,psic,rev5,,,exact,,,category
overture,vietnamese_restaurant,3,0.00010565612453335212,psic,rev5,,,exact,,,category
overture,camera_and_photography_store,3,0.00010565612453335212,psic,rev5,,,exact,,,category
overture,commercial_vehicle_dealer,3,0.00010565612453335212,psic,rev5,,,exact,,,category
overture,health_spa,3,0.00010565612453335212,psic,rev5,,,exact,,,category
overture,whiskey_bar,3,0.00010565612453335212,psic,rev5,,,exact,,,category
overture,indian_restaurant,3,0.00010565612453335212,psic,rev5,,,exact,,,category
overture,taxi_service,3,0.00010565612453335212,psic,rev5,,,exact,,,category
overture,yoga_studio,3,0.00010565612453335212,psic,rev5,,,exact,,,category
overture,pier,3,0.00010565612453335212,psic,rev5,,,exact,,,category
overture,sandwich_shop,3,0.00010565612453335212,psic,rev5,,,exact,,,category
overture,car_window_tinting,3,0.00010565612453335212,psic,rev5,,,exact,,,category
overture,auto_leasing,3,0.00010565612453335212,psic,rev5,,,exact,,,category
overture,fertility_clinic,3,0.00010565612453335212,psic,rev5,,,exact,,,category
overture,senior_citizen_service,3,0.00010565612453335212,psic,rev5,,,exact,,,category
overture,motel,3,0.00010565612453335212,psic,rev5,,,exact,,,category
overture,swimming_instructor,3,0.00010565612453335212,psic,rev5,,,exact,,,category
overture,merchandising_service,3,0.00010565612453335212,psic,rev5,,,exact,,,category
overture,palace,3,0.00010565612453335212,psic,rev5,,,exact,,,category
overture,food_consultant,3,0.00010565612453335212,psic,rev5,,,exact,,,category
overture,protestant_place_of_worship,3,0.00010565612453335212,psic,rev5,,,exact,,,category
overture,public_utility,3,0.00010565612453335212,psic,rev5,,,exact,,,category
overture,jail_or_prison,3,0.00010565612453335212,psic,rev5,,,exact,,,category
overture,animal_shelter,3,0.00010565612453335212,psic,rev5,,,exact,,,category
overture,internal_medicine,3,0.00010565612453335212,psic,rev5,,,exact,,,category
overture,garbage_collection_service,3,0.00010565612453335212,psic,rev5,,,exact,,,category
overture,ear_nose_and_throat,3,0.00010565612453335212,psic,rev5,,,exact,,,category
overture,meat_wholesaler,3,0.00010565612453335212,psic,rev5,,,exact,,,category
overture,orthopedics,3,0.00010565612453335212,psic,rev5,,,exact,,,category
overture,night_market,3,0.00010565612453335212,psic,rev5,,,exact,,,category
overture,electronic_equipment_supplier,3,0.00010565612453335212,psic,rev5,,,exact,,,category
overture,information_technology_company,3,0.00010565612453335212,psic,rev5,,,exact,,,category
overture,auto_glass_service,3,0.00010565612453335212,psic,rev5,,,exact,,,category
overture,specialty_foods_store,3,0.00010565612453335212,psic,rev5,,,exact,,,category
overture,hair_replacement,3,0.00010565612453335212,psic,rev5,,,exact,,,category
overture,educational_research_institute,3,0.00010565612453335212,psic,rev5,,,exact,,,category
overture,electrician,3,0.00010565612453335212,psic,rev5,,,exact,,,category
osm,amenity=lounge,2,7.043741635556808e-05,psic,rev5,,,exact,,,category
osm,leisure=bandstand,2,7.043741635556808e-05,psic,rev5,,,exact,,,category
osm,amenity=biergarten,2,7.043741635556808e-05,psic,rev5,,,exact,,,category
osm,shop=medical_supply,2,7.043741635556808e-05,psic,rev5,,,exact,,,category
osm,shop=lighting,2,7.043741635556808e-05,psic,rev5,,,exact,,,category
osm,shop=hifi,2,7.043741635556808e-05,psic,rev5,,,exact,,,category
osm,craft=shoemaker,2,7.043741635556808e-05,psic,rev5,,,exact,,,category
osm,amenity=coworking_space,2,7.043741635556808e-05,psic,rev5,,,exact,,,category
osm,shop=paint,2,7.043741635556808e-05,psic,rev5,,,exact,,,category
osm,shop=telecommunication,2,7.043741635556808e-05,psic,rev5,,,exact,,,category
osm,amenity=fast_food | shop=bakery,2,7.043741635556808e-05,psic,rev5,,,exact,,,category
osm,shop=farm,2,7.043741635556808e-05,psic,rev5,,,exact,,,category
osm,shop=hardware;trade,2,7.043741635556808e-05,psic,rev5,,,exact,,,category
osm,leisure=golf_course,2,7.043741635556808e-05,psic,rev5,,,exact,,,category
osm,amenity=prison,2,7.043741635556808e-05,psic,rev5,,,exact,,,category
osm,office=lawyer,2,7.043741635556808e-05,psic,rev5,,,exact,,,category
osm,healthcare=midwife,2,7.043741635556808e-05,psic,rev5,,,exact,,,category
osm,amenity=prep_school,2,7.043741635556808e-05,psic,rev5,,,exact,,,category
osm,healthcare=physiotherapist,2,7.043741635556808e-05,psic,rev5,,,exact,,,category
osm,industrial=slaughterhouse,2,7.043741635556808e-05,psic,rev5,,,exact,,,category
osm,shop=candles,2,7.043741635556808e-05,psic,rev5,,,exact,,,category
osm,amenity=bicycle_rental,2,7.043741635556808e-05,psic,rev5,,,exact,,,category
osm,man_made=pier | public_transport=platform,2,7.043741635556808e-05,psic,rev5,,,exact,,,category
osm,public_transport=stop_position,2,7.043741635556808e-05,psic,rev5,,,exact,,,category
osm,amenity=health_post | healthcare=clinic,2,7.043741635556808e-05,psic,rev5,,,exact,,,category
osm,amenity=parking_entrance,2,7.043741635556808e-05,psic,rev5,,,exact,,,category
osm,amenity=fast_food | shop=convenience,2,7.043741635556808e-05,psic,rev5,,,exact,,,category
osm,tourism=attraction | leisure=water_park,2,7.043741635556808e-05,psic,rev5,,,exact,,,category
osm,shop=photo,2,7.043741635556808e-05,psic,rev5,,,exact,,,category
osm,craft=tailor,2,7.043741635556808e-05,psic,rev5,,,exact,,,category
osm,tourism=yes | leisure=beach_resort,2,7.043741635556808e-05,psic,rev5,,,exact,,,category
osm,leisure=common,2,7.043741635556808e-05,psic,rev5,,,exact,,,category
osm,shop=tailor,2,7.043741635556808e-05,psic,rev5,,,exact,,,category
osm,amenity=security_booth,2,7.043741635556808e-05,psic,rev5,,,exact,,,category
osm,shop=chocolate,2,7.043741635556808e-05,psic,rev5,,,exact,,,category
osm,amenity=shelter | public_transport=platform,2,7.043741635556808e-05,psic,rev5,,,exact,,,category
osm,man_made=water_tower,2,7.043741635556808e-05,psic,rev5,,,exact,,,category
osm,healthcare=yes,2,7.043741635556808e-05,psic,rev5,,,exact,,,category
osm,shop=stationery,2,7.043741635556808e-05,psic,rev5,,,exact,,,category
osm,leisure=outdoor_seating,2,7.043741635556808e-05,psic,rev5,,,exact,,,category
overture,comfort_food_restaurant,2,7.043741635556808e-05,psic,rev5,,,exact,,,category
overture,airline,2,7.043741635556808e-05,psic,rev5,,,exact,,,category
overture,flight_school,2,7.043741635556808e-05,psic,rev5,,,exact,,,category
overture,casino,2,7.043741635556808e-05,psic,rev5,,,exact,,,category
overture,soccer_field,2,7.043741635556808e-05,psic,rev5,,,exact,,,category
overture,print_media,2,7.043741635556808e-05,psic,rev5,,,exact,,,category
overture,pentecostal_place_of_worship,2,7.043741635556808e-05,psic,rev5,,,exact,,,category
overture,outdoor_store,2,7.043741635556808e-05,psic,rev5,,,exact,,,category
overture,taco_restaurant,2,7.043741635556808e-05,psic,rev5,,,exact,,,category
overture,mediterranean_restaurant,2,7.043741635556808e-05,psic,rev5,,,exact,,,category
overture,rock_climbing_spot,2,7.043741635556808e-05,psic,rev5,,,exact,,,category
overture,bingo_hall,2,7.043741635556808e-05,psic,rev5,,,exact,,,category
overture,video_game_store,2,7.043741635556808e-05,psic,rev5,,,exact,,,category
overture,comic_books_store,2,7.043741635556808e-05,psic,rev5,,,exact,,,category
overture,sports_bar,2,7.043741635556808e-05,psic,rev5,,,exact,,,category
overture,television_service_provider,2,7.043741635556808e-05,psic,rev5,,,exact,,,category
overture,private_association,2,7.043741635556808e-05,psic,rev5,,,exact,,,category
overture,medical_research_institute,2,7.043741635556808e-05,psic,rev5,,,exact,,,category
overture,candy_store,2,7.043741635556808e-05,psic,rev5,,,exact,,,category
overture,cultural_center,2,7.043741635556808e-05,psic,rev5,,,exact,,,category
overture,media_agency,2,7.043741635556808e-05,psic,rev5,,,exact,,,category
overture,health_and_wellness_club,2,7.043741635556808e-05,psic,rev5,,,exact,,,category
overture,belgian_restaurant,2,7.043741635556808e-05,psic,rev5,,,exact,,,category
overture,bowling_alley,2,7.043741635556808e-05,psic,rev5,,,exact,,,category
overture,adult_entertainment_venue,2,7.043741635556808e-05,psic,rev5,,,exact,,,category
overture,wholesale_grocer,2,7.043741635556808e-05,psic,rev5,,,exact,,,category
overture,b2b_marketing_consultant,2,7.043741635556808e-05,psic,rev5,,,exact,,,category
overture,antique_store,2,7.043741635556808e-05,psic,rev5,,,exact,,,category
overture,vending_machine_supplier,2,7.043741635556808e-05,psic,rev5,,,exact,,,category
overture,housing_authority,2,7.043741635556808e-05,psic,rev5,,,exact,,,category
overture,landscaping,2,7.043741635556808e-05,psic,rev5,,,exact,,,category
overture,b2b_science_and_technology_service,2,7.043741635556808e-05,psic,rev5,,,exact,,,category
overture,linen_store,2,7.043741635556808e-05,psic,rev5,,,exact,,,category
overture,auto_body_shop,2,7.043741635556808e-05,psic,rev5,,,exact,,,category
overture,gymnastics_center,2,7.043741635556808e-05,psic,rev5,,,exact,,,category
overture,textile_manufacturer,2,7.043741635556808e-05,psic,rev5,,,exact,,,category
overture,chocolatier,2,7.043741635556808e-05,psic,rev5,,,exact,,,category
overture,beauty_product_supplier,2,7.043741635556808e-05,psic,rev5,,,exact,,,category
overture,plumbing,2,7.043741635556808e-05,psic,rev5,,,exact,,,category
overture,frozen_yogurt_shop,2,7.043741635556808e-05,psic,rev5,,,exact,,,category
overture,occupational_safety,2,7.043741635556808e-05,psic,rev5,,,exact,,,category
overture,social_media_agency,2,7.043741635556808e-05,psic,rev5,,,exact,,,category
overture,restaurant_wholesale,2,7.043741635556808e-05,psic,rev5,,,exact,,,category
overture,bike_repair_maintenance,2,7.043741635556808e-05,psic,rev5,,,exact,,,category
overture,sunglasses_store,2,7.043741635556808e-05,psic,rev5,,,exact,,,category
overture,art_school,2,7.043741635556808e-05,psic,rev5,,,exact,,,category
overture,skate_park,2,7.043741635556808e-05,psic,rev5,,,exact,,,category
overture,computer_coaching,2,7.043741635556808e-05,psic,rev5,,,exact,,,category
overture,b2b_surgical_appliances_and_supplies,2,7.043741635556808e-05,psic,rev5,,,exact,,,category
overture,occupational_therapy,2,7.043741635556808e-05,psic,rev5,,,exact,,,category
overture,bagel_shop,2,7.043741635556808e-05,psic,rev5,,,exact,,,category
overture,packing_supply_store,2,7.043741635556808e-05,psic,rev5,,,exact,,,category
overture,behavioral_or_mental_health_clinic,2,7.043741635556808e-05,psic,rev5,,,exact,,,category
overture,pulmonology,2,7.043741635556808e-05,psic,rev5,,,exact,,,category
overture,middle_school,2,7.043741635556808e-05,psic,rev5,,,exact,,,category
overture,prenatal_and_perinatal_care,2,7.043741635556808e-05,psic,rev5,,,exact,,,category
overture,clothing_company,2,7.043741635556808e-05,psic,rev5,,,exact,,,category
overture,cave,2,7.043741635556808e-05,psic,rev5,,,exact,,,category
overture,plastic_manufacturer,2,7.043741635556808e-05,psic,rev5,,,exact,,,category
overture,livestock_breeder,2,7.043741635556808e-05,psic,rev5,,,exact,,,category
overture,public_fountain,2,7.043741635556808e-05,psic,rev5,,,exact,,,category
osm,tourism=camp_site,1,3.521870817778404e-05,psic,rev5,,,exact,,,category
osm,amenity=doctors | healthcare=yes,1,3.521870817778404e-05,psic,rev5,,,exact,,,category
osm,amenity=nursing_room,1,3.521870817778404e-05,psic,rev5,,,exact,,,category
osm,amenity=taxi | public_transport=station,1,3.521870817778404e-05,psic,rev5,,,exact,,,category
osm,leisure=indoor_play,1,3.521870817778404e-05,psic,rev5,,,exact,,,category
osm,shop=fabric,1,3.521870817778404e-05,psic,rev5,,,exact,,,category
osm,club=golf,1,3.521870817778404e-05,psic,rev5,,,exact,,,category
osm,amenity=hospital,1,3.521870817778404e-05,psic,rev5,,,exact,,,category
osm,office=newspaper,1,3.521870817778404e-05,psic,rev5,,,exact,,,category
osm,craft=stonemason,1,3.521870817778404e-05,psic,rev5,,,exact,,,category
osm,amenity=pharmacy | shop=convenience | healthcare=pharmacy,1,3.521870817778404e-05,psic,rev5,,,exact,,,category
osm,healthcare=psychotherapist,1,3.521870817778404e-05,psic,rev5,,,exact,,,category
osm,healthcare=speech_therapist,1,3.521870817778404e-05,psic,rev5,,,exact,,,category
osm,amenity=parking | public_transport=station,1,3.521870817778404e-05,psic,rev5,,,exact,,,category
osm,amenity=clinic | healthcare=clinic | emergency=no,1,3.521870817778404e-05,psic,rev5,,,exact,,,category
osm,amenity=cafe | shop=tea,1,3.521870817778404e-05,psic,rev5,,,exact,,,category
osm,tourism=yes | man_made=advertising,1,3.521870817778404e-05,psic,rev5,,,exact,,,category
osm,office=coworking,1,3.521870817778404e-05,psic,rev5,,,exact,,,category
osm,amenity=veterinary,1,3.521870817778404e-05,psic,rev5,,,exact,,,category
osm,shop=fashion,1,3.521870817778404e-05,psic,rev5,,,exact,,,category
osm,amenity=studio | office=cable_television,1,3.521870817778404e-05,psic,rev5,,,exact,,,category
osm,shop=second_hand,1,3.521870817778404e-05,psic,rev5,,,exact,,,category
osm,amenity=pub,1,3.521870817778404e-05,psic,rev5,,,exact,,,category
osm,amenity=training,1,3.521870817778404e-05,psic,rev5,,,exact,,,category
osm,shop=erotic,1,3.521870817778404e-05,psic,rev5,,,exact,,,category
osm,amenity=cafe | tourism=yes | man_made=charge_point,1,3.521870817778404e-05,psic,rev5,,,exact,,,category
osm,shop=water_refilling,1,3.521870817778404e-05,psic,rev5,,,exact,,,category
osm,amenity=events_venue | tourism=hotel,1,3.521870817778404e-05,psic,rev5,,,exact,,,category
osm,industrial=communication,1,3.521870817778404e-05,psic,rev5,,,exact,,,category
osm,office=cable_television,1,3.521870817778404e-05,psic,rev5,,,exact,,,category
osm,amenity=hospital | healthcare=hospital | emergency=no,1,3.521870817778404e-05,psic,rev5,,,exact,,,category
osm,shop=houseware,1,3.521870817778404e-05,psic,rev5,,,exact,,,category
osm,office=government | club=scout,1,3.521870817778404e-05,psic,rev5,,,exact,,,category
osm,amenity=bureau_de_change | shop=pawnbroker,1,3.521870817778404e-05,psic,rev5,,,exact,,,category
osm,amenity=Coliseum,1,3.521870817778404e-05,psic,rev5,,,exact,,,category
osm,shop=deli,1,3.521870817778404e-05,psic,rev5,,,exact,,,category
osm,amenity=fast_food | tourism=yes,1,3.521870817778404e-05,psic,rev5,,,exact,,,category
osm,man_made=pier,1,3.521870817778404e-05,psic,rev5,,,exact,,,category
osm,leisure=marina,1,3.521870817778404e-05,psic,rev5,,,exact,,,category
osm,amenity=doctors | healthcare=community_health_worker | emergency=no,1,3.521870817778404e-05,psic,rev5,,,exact,,,category
osm,amenity=pharmacy | shop=chemist | healthcare=pharmacy,1,3.521870817778404e-05,psic,rev5,,,exact,,,category
osm,amenity=doctors | healthcare=community_health_worker,1,3.521870817778404e-05,psic,rev5,,,exact,,,category
osm,industrial=oil,1,3.521870817778404e-05,psic,rev5,,,exact,,,category
osm,amenity=hospital | emergency=yes,1,3.521870817778404e-05,psic,rev5,,,exact,,,category
osm,shop=building_materials,1,3.521870817778404e-05,psic,rev5,,,exact,,,category
osm,healthcare=laboratory | emergency=yes,1,3.521870817778404e-05,psic,rev5,,,exact,,,category
osm,man_made=flagpole,1,3.521870817778404e-05,psic,rev5,,,exact,,,category
osm,industrial=machine_shop,1,3.521870817778404e-05,psic,rev5,,,exact,,,category
osm,amenity=clinic | emergency=no,1,3.521870817778404e-05,psic,rev5,,,exact,,,category
osm,shop=florist,1,3.521870817778404e-05,psic,rev5,,,exact,,,category
osm,healthcare=dialysis,1,3.521870817778404e-05,psic,rev5,,,exact,,,category
osm,shop=religion,1,3.521870817778404e-05,psic,rev5,,,exact,,,category
osm,leisure=fitness_station,1,3.521870817778404e-05,psic,rev5,,,exact,,,category
osm,amenity=animal_boarding,1,3.521870817778404e-05,psic,rev5,,,exact,,,category
osm,amenity=casino,1,3.521870817778404e-05,psic,rev5,,,exact,,,category
osm,amenity=public_building | office=government,1,3.521870817778404e-05,psic,rev5,,,exact,,,category
osm,amenity=ferry_terminal | public_transport=station,1,3.521870817778404e-05,psic,rev5,,,exact,,,category
osm,club=social,1,3.521870817778404e-05,psic,rev5,,,exact,,,category
osm,office=energy_supplier,1,3.521870817778404e-05,psic,rev5,,,exact,,,category
osm,amenity=appliance,1,3.521870817778404e-05,psic,rev5,,,exact,,,category
osm,shop=general,1,3.521870817778404e-05,psic,rev5,,,exact,,,category
osm,shop=lottery,1,3.521870817778404e-05,psic,rev5,,,exact,,,category
osm,leisure=slipway,1,3.521870817778404e-05,psic,rev5,,,exact,,,category
osm,amenity=public_building,1,3.521870817778404e-05,psic,rev5,,,exact,,,category
osm,man_made=survey_point,1,3.521870817778404e-05,psic,rev5,,,exact,,,category
osm,craft=glaziery,1,3.521870817778404e-05,psic,rev5,,,exact,,,category
osm,amenity=compressed_air,1,3.521870817778404e-05,psic,rev5,,,exact,,,category
osm,amenity=doctors | healthcare=doctor;dentist,1,3.521870817778404e-05,psic,rev5,,,exact,,,category
osm,man_made=silo,1,3.521870817778404e-05,psic,rev5,,,exact,,,category
osm,shop=truck_repair,1,3.521870817778404e-05,psic,rev5,,,exact,,,category
osm,leisure=racetrack,1,3.521870817778404e-05,psic,rev5,,,exact,,,category
osm,shop=rental,1,3.521870817778404e-05,psic,rev5,,,exact,,,category
osm,shop=convenience | office=telecommunication,1,3.521870817778404e-05,psic,rev5,,,exact,,,category
osm,amenity=cafeteria,1,3.521870817778404e-05,psic,rev5,,,exact,,,category
osm,man_made=water_well,1,3.521870817778404e-05,psic,rev5,,,exact,,,category
osm,shop=weapons,1,3.521870817778404e-05,psic,rev5,,,exact,,,category
osm,amenity=hunting_stand,1,3.521870817778404e-05,psic,rev5,,,exact,,,category
osm,shop=eggs,1,3.521870817778404e-05,psic,rev5,,,exact,,,category
osm,amenity=drinking_water | shop=water,1,3.521870817778404e-05,psic,rev5,,,exact,,,category
osm,shop=printing,1,3.521870817778404e-05,psic,rev5,,,exact,,,category
osm,amenity=vehicle_inspection,1,3.521870817778404e-05,psic,rev5,,,exact,,,category
osm,amenity=taxi | public_transport=platform,1,3.521870817778404e-05,psic,rev5,,,exact,,,category
osm,shop=pet_grooming,1,3.521870817778404e-05,psic,rev5,,,exact,,,category
osm,office=power_utility,1,3.521870817778404e-05,psic,rev5,,,exact,,,category
osm,shop=craft,1,3.521870817778404e-05,psic,rev5,,,exact,,,category
osm,emergency=assembly_point,1,3.521870817778404e-05,psic,rev5,,,exact,,,category
osm,amenity=taxi,1,3.521870817778404e-05,psic,rev5,,,exact,,,category
osm,amenity=motorcycle_parking,1,3.521870817778404e-05,psic,rev5,,,exact,,,category
osm,healthcare=dentist,1,3.521870817778404e-05,psic,rev5,,,exact,,,category
osm,office=harbour_master,1,3.521870817778404e-05,psic,rev5,,,exact,,,category
osm,office=foundation,1,3.521870817778404e-05,psic,rev5,,,exact,,,category
osm,craft=printer,1,3.521870817778404e-05,psic,rev5,,,exact,,,category
osm,craft=hvac,1,3.521870817778404e-05,psic,rev5,,,exact,,,category
osm,leisure=miniature_golf,1,3.521870817778404e-05,psic,rev5,,,exact,,,category
osm,shop=alcohol,1,3.521870817778404e-05,psic,rev5,,,exact,,,category
osm,man_made=water_works,1,3.521870817778404e-05,psic,rev5,,,exact,,,category
osm,healthcare=occupational_therapist;physiotherapist,1,3.521870817778404e-05,psic,rev5,,,exact,,,category
osm,amenity=rescue_station,1,3.521870817778404e-05,psic,rev5,,,exact,,,category
osm,craft=jeweller,1,3.521870817778404e-05,psic,rev5,,,exact,,,category
osm,healthcare=optometrist,1,3.521870817778404e-05,psic,rev5,,,exact,,,category
osm,amenity=clock,1,3.521870817778404e-05,psic,rev5,,,exact,,,category
osm,man_made=water_tap,1,3.521870817778404e-05,psic,rev5,,,exact,,,category
osm,club=sailing,1,3.521870817778404e-05,psic,rev5,,,exact,,,category
osm,shop=water_sports,1,3.521870817778404e-05,psic,rev5,,,exact,,,category
osm,shop=dessert,1,3.521870817778404e-05,psic,rev5,,,exact,,,category
osm,man_made=obelisk,1,3.521870817778404e-05,psic,rev5,,,exact,,,category
osm,shop=outpost,1,3.521870817778404e-05,psic,rev5,,,exact,,,category
osm,shop=tea,1,3.521870817778404e-05,psic,rev5,,,exact,,,category
osm,shop=repair,1,3.521870817778404e-05,psic,rev5,,,exact,,,category
osm,amenity=cafe | shop=bakery,1,3.521870817778404e-05,psic,rev5,,,exact,,,category
osm,amenity=language_school,1,3.521870817778404e-05,psic,rev5,,,exact,,,category
osm,craft=roofer,1,3.521870817778404e-05,psic,rev5,,,exact,,,category
osm,craft=yes,1,3.521870817778404e-05,psic,rev5,,,exact,,,category
osm,club=student,1,3.521870817778404e-05,psic,rev5,,,exact,,,category
osm,shop=art,1,3.521870817778404e-05,psic,rev5,,,exact,,,category
osm,leisure=recreation_ground,1,3.521870817778404e-05,psic,rev5,,,exact,,,category
osm,amenity=flight_school,1,3.521870817778404e-05,psic,rev5,,,exact,,,category
osm,man_made=wastewater_plant,1,3.521870817778404e-05,psic,rev5,,,exact,,,category
osm,amenity=grave_yard,1,3.521870817778404e-05,psic,rev5,,,exact,,,category
osm,office=administrative,1,3.521870817778404e-05,psic,rev5,,,exact,,,category
osm,amenity=rescue_station | emergency=disaster_response,1,3.521870817778404e-05,psic,rev5,,,exact,,,category
osm,amenity=coast_guard,1,3.521870817778404e-05,psic,rev5,,,exact,,,category
osm,shop=bed,1,3.521870817778404e-05,psic,rev5,,,exact,,,category
osm,leisure=dog_park,1,3.521870817778404e-05,psic,rev5,,,exact,,,category
osm,leisure=nature_reserve,1,3.521870817778404e-05,psic,rev5,,,exact,,,category
osm,amenity=coast_guard | office=government,1,3.521870817778404e-05,psic,rev5,,,exact,,,category
osm,industrial=energy,1,3.521870817778404e-05,psic,rev5,,,exact,,,category
osm,man_made=monitoring_station,1,3.521870817778404e-05,psic,rev5,,,exact,,,category
osm,amenity=post_depot,1,3.521870817778404e-05,psic,rev5,,,exact,,,category
osm,emergency=emergency_response,1,3.521870817778404e-05,psic,rev5,,,exact,,,category
osm,amenity=research_institute,1,3.521870817778404e-05,psic,rev5,,,exact,,,category
osm,office=financial,1,3.521870817778404e-05,psic,rev5,,,exact,,,category
osm,man_made=beacon,1,3.521870817778404e-05,psic,rev5,,,exact,,,category
osm,healthcare=blood_donation,1,3.521870817778404e-05,psic,rev5,,,exact,,,category
osm,amenity=boat_storage,1,3.521870817778404e-05,psic,rev5,,,exact,,,category
osm,industrial=scrap_yard,1,3.521870817778404e-05,psic,rev5,,,exact,,,category
osm,amenity=community_centre | club=sport,1,3.521870817778404e-05,psic,rev5,,,exact,,,category
osm,tourism=religious | leisure=garden,1,3.521870817778404e-05,psic,rev5,,,exact,,,category
osm,man_made=broadcast_station,1,3.521870817778404e-05,psic,rev5,,,exact,,,category
osm,industrial=water | man_made=wastewater_plant,1,3.521870817778404e-05,psic,rev5,,,exact,,,category
overture,apparel_manufacturer,1,3.521870817778404e-05,psic,rev5,,,exact,,,category
overture,drugstore,1,3.521870817778404e-05,psic,rev5,,,exact,,,category
overture,latin_american_restaurant,1,3.521870817778404e-05,psic,rev5,,,exact,,,category
overture,golf_course,1,3.521870817778404e-05,psic,rev5,,,exact,,,category
overture,castle,1,3.521870817778404e-05,psic,rev5,,,exact,,,category
overture,health_food_restaurant,1,3.521870817778404e-05,psic,rev5,,,exact,,,category
overture,condominium,1,3.521870817778404e-05,psic,rev5,,,exact,,,category
overture,laboratory,1,3.521870817778404e-05,psic,rev5,,,exact,,,category
overture,asian_fusion_restaurant,1,3.521870817778404e-05,psic,rev5,,,exact,,,category
overture,spanish_restaurant,1,3.521870817778404e-05,psic,rev5,,,exact,,,category
overture,cottage,1,3.521870817778404e-05,psic,rev5,,,exact,,,category
overture,chiropractic,1,3.521870817778404e-05,psic,rev5,,,exact,,,category
overture,investing,1,3.521870817778404e-05,psic,rev5,,,exact,,,category
overture,coworking_space,1,3.521870817778404e-05,psic,rev5,,,exact,,,category
overture,dim_sum_restaurant,1,3.521870817778404e-05,psic,rev5,,,exact,,,category
overture,drive_in_theater,1,3.521870817778404e-05,psic,rev5,,,exact,,,category
overture,salad_bar,1,3.521870817778404e-05,psic,rev5,,,exact,,,category
overture,middle_eastern_restaurant,1,3.521870817778404e-05,psic,rev5,,,exact,,,category
overture,bike_rental,1,3.521870817778404e-05,psic,rev5,,,exact,,,category
overture,theatrical_production,1,3.521870817778404e-05,psic,rev5,,,exact,,,category
overture,music_school,1,3.521870817778404e-05,psic,rev5,,,exact,,,category
overture,wholesaler,1,3.521870817778404e-05,psic,rev5,,,exact,,,category
overture,zoo,1,3.521870817778404e-05,psic,rev5,,,exact,,,category
overture,german_restaurant,1,3.521870817778404e-05,psic,rev5,,,exact,,,category
overture,day_spa,1,3.521870817778404e-05,psic,rev5,,,exact,,,category
overture,laundry_service,1,3.521870817778404e-05,psic,rev5,,,exact,,,category
overture,shoe_repair,1,3.521870817778404e-05,psic,rev5,,,exact,,,category
overture,wine_bar,1,3.521870817778404e-05,psic,rev5,,,exact,,,category
overture,oncology,1,3.521870817778404e-05,psic,rev5,,,exact,,,category
overture,currency_exchange,1,3.521870817778404e-05,psic,rev5,,,exact,,,category
overture,blood_and_plasma_donation_center,1,3.521870817778404e-05,psic,rev5,,,exact,,,category
overture,waterfall,1,3.521870817778404e-05,psic,rev5,,,exact,,,category
overture,race_track,1,3.521870817778404e-05,psic,rev5,,,exact,,,category
overture,structural_engineer,1,3.521870817778404e-05,psic,rev5,,,exact,,,category
overture,makeup_artist,1,3.521870817778404e-05,psic,rev5,,,exact,,,category
overture,military_site,1,3.521870817778404e-05,psic,rev5,,,exact,,,category
overture,pet_sitting,1,3.521870817778404e-05,psic,rev5,,,exact,,,category
overture,haunted_house,1,3.521870817778404e-05,psic,rev5,,,exact,,,category
overture,aquarium,1,3.521870817778404e-05,psic,rev5,,,exact,,,category
overture,media_service,1,3.521870817778404e-05,psic,rev5,,,exact,,,category
overture,pool_cleaning,1,3.521870817778404e-05,psic,rev5,,,exact,,,category
overture,vehicle_shipping,1,3.521870817778404e-05,psic,rev5,,,exact,,,category
overture,auto_customization,1,3.521870817778404e-05,psic,rev5,,,exact,,,category
overture,sculpture_statue,1,3.521870817778404e-05,psic,rev5,,,exact,,,category
overture,costume_store,1,3.521870817778404e-05,psic,rev5,,,exact,,,category
overture,archery_range,1,3.521870817778404e-05,psic,rev5,,,exact,,,category
overture,dog_trainer,1,3.521870817778404e-05,psic,rev5,,,exact,,,category
overture,dog_park,1,3.521870817778404e-05,psic,rev5,,,exact,,,category
overture,pet_breeder,1,3.521870817778404e-05,psic,rev5,,,exact,,,category
overture,countertop_installation,1,3.521870817778404e-05,psic,rev5,,,exact,,,category
overture,atv_rental_tour,1,3.521870817778404e-05,psic,rev5,,,exact,,,category
overture,oil_change_station,1,3.521870817778404e-05,psic,rev5,,,exact,,,category
overture,gift_shop,1,3.521870817778404e-05,psic,rev5,,,exact,,,category
overture,persian_restaurant,1,3.521870817778404e-05,psic,rev5,,,exact,,,category
overture,driving_range,1,3.521870817778404e-05,psic,rev5,,,exact,,,category
overture,science_museum,1,3.521870817778404e-05,psic,rev5,,,exact,,,category
overture,bus_tour,1,3.521870817778404e-05,psic,rev5,,,exact,,,category
overture,medical_spa,1,3.521870817778404e-05,psic,rev5,,,exact,,,category
overture,boat_rental_and_training,1,3.521870817778404e-05,psic,rev5,,,exact,,,category
overture,appliance_manufacturer,1,3.521870817778404e-05,psic,rev5,,,exact,,,category
overture,computer_hardware_company,1,3.521870817778404e-05,psic,rev5,,,exact,,,category
overture,boot_camp,1,3.521870817778404e-05,psic,rev5,,,exact,,,category
overture,pop_up_store,1,3.521870817778404e-05,psic,rev5,,,exact,,,category
overture,recreational_vehicle_dealer,1,3.521870817778404e-05,psic,rev5,,,exact,,,category
overture,muslim_place_of_worship,1,3.521870817778404e-05,psic,rev5,,,exact,,,category
overture,writing_service,1,3.521870817778404e-05,psic,rev5,,,exact,,,category
overture,distillery,1,3.521870817778404e-05,psic,rev5,,,exact,,,category
overture,carpet_store,1,3.521870817778404e-05,psic,rev5,,,exact,,,category
overture,truck_rental_service,1,3.521870817778404e-05,psic,rev5,,,exact,,,category
overture,psychology,1,3.521870817778404e-05,psic,rev5,,,exact,,,category
overture,plastics_company,1,3.521870817778404e-05,psic,rev5,,,exact,,,category
overture,guest_house,1,3.521870817778404e-05,psic,rev5,,,exact,,,category
overture,audiology,1,3.521870817778404e-05,psic,rev5,,,exact,,,category
overture,teeth_whitening,1,3.521870817778404e-05,psic,rev5,,,exact,,,category
overture,skate_store,1,3.521870817778404e-05,psic,rev5,,,exact,,,category
overture,abuse_and_addiction_treatment_center,1,3.521870817778404e-05,psic,rev5,,,exact,,,category
overture,waxing,1,3.521870817778404e-05,psic,rev5,,,exact,,,category
overture,trophy_store,1,3.521870817778404e-05,psic,rev5,,,exact,,,category
overture,airport_terminal,1,3.521870817778404e-05,psic,rev5,,,exact,,,category
overture,lingerie_store,1,3.521870817778404e-05,psic,rev5,,,exact,,,category
overture,urology,1,3.521870817778404e-05,psic,rev5,,,exact,,,category
overture,glass_manufacturer,1,3.521870817778404e-05,psic,rev5,,,exact,,,category
overture,graphic_designer,1,3.521870817778404e-05,psic,rev5,,,exact,,,category
overture,reproductive_perinatal_and_womens_care,1,3.521870817778404e-05,psic,rev5,,,exact,,,category
overture,business_consulting,1,3.521870817778404e-05,psic,rev5,,,exact,,,category
overture,motorcycle_rental_service,1,3.521870817778404e-05,psic,rev5,,,exact,,,category
overture,gay_bar,1,3.521870817778404e-05,psic,rev5,,,exact,,,category
overture,neurology,1,3.521870817778404e-05,psic,rev5,,,exact,,,category
overture,notary_public,1,3.521870817778404e-05,psic,rev5,,,exact,,,category
overture,ambulance_or_ems_service,1,3.521870817778404e-05,psic,rev5,,,exact,,,category
overture,malaysian_restaurant,1,3.521870817778404e-05,psic,rev5,,,exact,,,category
overture,tennis_court,1,3.521870817778404e-05,psic,rev5,,,exact,,,category
overture,buddhist_place_of_worship,1,3.521870817778404e-05,psic,rev5,,,exact,,,category
overture,psychic_advising,1,3.521870817778404e-05,psic,rev5,,,exact,,,category
overture,hiking_trail,1,3.521870817778404e-05,psic,rev5,,,exact,,,category
overture,department_of_motor_vehicles,1,3.521870817778404e-05,psic,rev5,,,exact,,,category
overture,prosthodontics,1,3.521870817778404e-05,psic,rev5,,,exact,,,category
overture,media_news_website,1,3.521870817778404e-05,psic,rev5,,,exact,,,category
overture,real_estate_law,1,3.521870817778404e-05,psic,rev5,,,exact,,,category
overture,telecommunications_service,1,3.521870817778404e-05,psic,rev5,,,exact,,,category
overture,automotive_storage_facility,1,3.521870817778404e-05,psic,rev5,,,exact,,,category
overture,radiology,1,3.521870817778404e-05,psic,rev5,,,exact,,,category
overture,laser_hair_removal,1,3.521870817778404e-05,psic,rev5,,,exact,,,category
overture,tanning_salon,1,3.521870817778404e-05,psic,rev5,,,exact,,,category
overture,neuropathology,1,3.521870817778404e-05,psic,rev5,,,exact,,,category
overture,betting_center,1,3.521870817778404e-05,psic,rev5,,,exact,,,category
overture,credit_and_debt_counseling,1,3.521870817778404e-05,psic,rev5,,,exact,,,category
overture,cardiology,1,3.521870817778404e-05,psic,rev5,,,exact,,,category
overture,soul_food,1,3.521870817778404e-05,psic,rev5,,,exact,,,category
overture,newspaper_and_magazines_store,1,3.521870817778404e-05,psic,rev5,,,exact,,,category
overture,game_publisher,1,3.521870817778404e-05,psic,rev5,,,exact,,,category
overture,weight_loss_center,1,3.521870817778404e-05,psic,rev5,,,exact,,,category
overture,european_restaurant,1,3.521870817778404e-05,psic,rev5,,,exact,,,category
overture,jewelry_and_watches_manufacturer,1,3.521870817778404e-05,psic,rev5,,,exact,,,category
overture,asian_grocery_store,1,3.521870817778404e-05,psic,rev5,,,exact,,,category
overture,motorcycle_manufacturer,1,3.521870817778404e-05,psic,rev5,,,exact,,,category
overture,slovakian_restaurant,1,3.521870817778404e-05,psic,rev5,,,exact,,,category
overture,mattress_store,1,3.521870817778404e-05,psic,rev5,,,exact,,,category
overture,halfway_house,1,3.521870817778404e-05,psic,rev5,,,exact,,,category
overture,pilates_studio,1,3.521870817778404e-05,psic,rev5,,,exact,,,category
overture,towing_service,1,3.521870817778404e-05,psic,rev5,,,exact,,,category
overture,it_consultant,1,3.521870817778404e-05,psic,rev5,,,exact,,,category
overture,art_restoration_service,1,3.521870817778404e-05,psic,rev5,,,exact,,,category
overture,janitorial_service,1,3.521870817778404e-05,psic,rev5,,,exact,,,category
overture,lumber_store,1,3.521870817778404e-05,psic,rev5,,,exact,,,category
overture,life_coach,1,3.521870817778404e-05,psic,rev5,,,exact,,,category
overture,cemetery,1,3.521870817778404e-05,psic,rev5,,,exact,,,category
overture,wildlife_sanctuary,1,3.521870817778404e-05,psic,rev5,,,exact,,,category
overture,carpenter,1,3.521870817778404e-05,psic,rev5,,,exact,,,category
overture,radio_station,1,3.521870817778404e-05,psic,rev5,,,exact,,,category
overture,texmex_restaurant,1,3.521870817778404e-05,psic,rev5,,,exact,,,category
overture,b2b_mining,1,3.521870817778404e-05,psic,rev5,,,exact,,,category
