sector,total_output
01,501502.445511913
02,138947.735377969
03,94331.3180329924
04,41282.1469115468
05,170466.041457768
06,39609.4478031043
07,30165.7848874702
08,6893.1654505829
09,22968.6441845806
10,12402.9599604368
11,2033.6889439024
12,4786.1858489851
13,3967.2197193892
14,114815.494306699
15,784145.937105933
16,497739.536566666
17,142765.632272632
18,7159.2807882734
19,604681.19468966
20,240317.785272168
21,31865.349218938
22,44854.2248457229
23,32500.5372180324
24,31598.475638094
25,20936.0456690396
26,83414.4137617543
27,4942069.25832217
28,350232.326317048
29,35740.2013545937
30,141121.494100621
31,166177.980452123
32,34078.3169719317
33,121049.61019421
34,111748.880904506
35,71971.1843181263
36,872082.404896591
37,1027608.16059291
38,72082.8617515097
39,141114.507751919
40,246651.380429526
41,351562.582842185
42,126153.064542716
43,1218898.16226011
44,207672.609837628
45,141520.835209275
46,321158.803861225
47,64604.6466591779
48,173242.097337656
49,743969.197153976
50,16475.373954767
51,122967.273559532
52,13842.7239147071
53,3008313.97113681
54,860100.553519954
55,3644333.04205879
56,163156.965721805
57,822145.067234548
58,82038.2135663459
59,442123.014040917
60,332876.831549526
61,58119.0047721578
62,261269.132315989
63,813101.399404367
64,115210.520093667
65,935954.717888413
66,1322716.70992055
67,710069.853124005
68,513872.722175959
69,196904.255970995
70,954424.716832303
71,576169.899428414
72,2008911.61351636
73,1265078.48903948
74,515291.563231195
75,342270.139322532
76,113234.026938044
77,309011.04801522
78,37885.625892857
79,327195.925441786
80,265745.971793665
